date,price
2019-01-01,1010.7949508680164
2019-01-02,
2019-01-03,1016.9046171368751
2019-01-04,1035.9555129888245
2019-01-05,1002.3548984698028
2019-01-06,1003.8970032676347
2019-01-07,1041.7042475962114
2019-01-08,1027.0071537366666
2019-01-09,1003.8054053693095
2019-01-10,1025.580241642437
2019-01-11,1006.9922967044062
2019-01-12,1008.4748764973682
2019-01-13,1024.1544991637206
2019-01-14,982.5721429961827
2019-01-15,987.8583492014391
2019-01-16,1012.6261298946255
2019-01-17,1005.1264033469309
2019-01-18,1033.1748435011584
2019-01-19,1010.2317686974816
2019-01-20,1001.6437695831369
2019-01-21,1060.695411624236
2019-01-22,1028.3542627786385
2019-01-23,1035.702227556624
2019-01-24,1007.3328603935636
2019-01-25,1026.4103818044957
2019-01-26,1040.980519092952
2019-01-27,1017.1998147166565
2019-01-28,1049.1846245969873
2019-01-29,1031.1020003991941
2019-01-30,1038.7179162107634
2019-01-31,1033.9473601534967
2019-02-01,1084.4492207707851
2019-02-02,1048.5481223013344
2019-02-03,1029.0702868052904
2019-02-04,1068.0736572894964
2019-02-05,1028.5957434129955
2019-02-06,
2019-02-07,1016.5729067815855
2019-02-08,1030.5660137043487
2019-02-09,1062.4211685290147
2019-02-10,1074.5980699256297
2019-02-11,
2019-02-12,1060.1763385815539
2019-02-13,1057.7826192439181
2019-02-14,1035.5394628466038
2019-02-15,1052.007864754414
2019-02-16,1058.476275810668
2019-02-17,1090.1050764944953
2019-02-18,1077.097682504964
2019-02-19,1036.2161311522898
2019-02-20,
2019-02-21,1066.2446537945277
2019-02-22,1061.625281187884
2019-02-23,1088.6029500485647
2019-02-24,1098.18324477015
2019-02-25,1097.370662924157
2019-02-26,1063.1303452373993
2019-02-27,1074.8877686551107
2019-02-28,1088.842150601708
2019-03-01,1102.860059360347
2019-03-02,1074.885223390533
2019-03-03,1081.862227641744
2019-03-04,1064.5424294417053
2019-03-05,1063.8256197728708
2019-03-06,1105.067676368852
2019-03-07,1116.9960391567536
2019-03-08,1089.4716764297148
2019-03-09,1112.0096333025763
2019-03-10,1100.185147145666
2019-03-11,1081.0497403216466
2019-03-12,1102.165920486715
2019-03-13,
2019-03-14,1096.1513735257092
2019-03-15,1129.1046144458753
2019-03-16,1046.3465186186695
2019-03-17,1116.0949099839459
2019-03-18,1102.2989319778867
2019-03-19,1095.4646017767009
2019-03-20,1104.1522901402393
2019-03-21,1063.4235342626587
2019-03-22,1099.6247736287996
2019-03-23,1111.9891756047289
2019-03-24,1135.2188892108418
2019-03-25,1096.0950211739168
2019-03-26,
2019-03-27,1097.97998701786
2019-03-28,1127.0784005984904
2019-03-29,1116.0858343468624
2019-03-30,1099.6412690893833
2019-03-31,1121.2126778708507
2019-04-01,1113.5849235902087
2019-04-02,1131.6974998666824
2019-04-03,1098.949950786958
2019-04-04,1107.0893729842828
2019-04-05,1106.4372566244622
2019-04-06,1085.6311392757511
2019-04-07,
2019-04-08,1121.322304071352
2019-04-09,1116.7812600037548
2019-04-10,1112.5503560221964
2019-04-11,1089.4831433421148
2019-04-12,1109.9115033354726
2019-04-13,1111.9894079503692
2019-04-14,1103.3029273526654
2019-04-15,1116.6130723104618
2019-04-16,1128.395714506672
2019-04-17,1158.4999851784457
2019-04-18,1124.7151183388783
2019-04-19,1126.8076603857037
2019-04-20,
2019-04-21,1084.1050986169648
2019-04-22,1122.3411870660614
2019-04-23,1124.4531295178429
2019-04-24,1172.876638633333
2019-04-25,1120.1141537881692
2019-04-26,1130.3283016390544
2019-04-27,1123.92560951665
2019-04-28,1101.5553900857246
2019-04-29,1148.0812402299944
2019-04-30,1140.5461201674807
2019-05-01,1141.5977356982448
2019-05-02,1107.846069635368
2019-05-03,1154.3336385418297
2019-05-04,1098.4720069542732
2019-05-05,1138.4649226962524
2019-05-06,1170.7432608085594
2019-05-07,1107.3175459326956
2019-05-08,1115.9843440938548
2019-05-09,1129.473403367596
2019-05-10,
2019-05-11,1096.7720293374405
2019-05-12,1129.2917175329078
2019-05-13,1106.7982260061879
2019-05-14,1137.6288395660922
2019-05-15,1109.8702149374565
2019-05-16,1159.3482872088066
2019-05-17,1112.7647995901411
2019-05-18,1122.0584474585914
2019-05-19,1144.8295627664495
2019-05-20,1103.9913863340523
2019-05-21,1133.197427511441
2019-05-22,1154.82093321323
2019-05-23,1096.54875001117
2019-05-24,
2019-05-25,1133.908996032516
2019-05-26,1144.3407885433205
2019-05-27,1103.9495991776546
2019-05-28,1102.2552623656727
2019-05-29,1139.0707162530691
2019-05-30,
2019-05-31,
2019-06-01,
2019-06-02,1114.8227299649607
2019-06-03,1132.9975698748585
2019-06-04,1134.1362361961912
2019-06-05,1113.9032944186413
2019-06-06,1165.414822289866
2019-06-07,
2019-06-08,1104.0726219709622
2019-06-09,1140.9205800219158
2019-06-10,1108.1810942278323
2019-06-11,1143.2962803111254
2019-06-12,1150.6012398009636
2019-06-13,1110.8855412961955
2019-06-14,1146.4319306718485
2019-06-15,1135.2808509288277
2019-06-16,
2019-06-17,1164.6705303209612
2019-06-18,1121.6760143421582
2019-06-19,1111.3547471423742
2019-06-20,1108.481712061552
2019-06-21,1109.7954112582022
2019-06-22,1124.406535636726
2019-06-23,1132.6061500272583
2019-06-24,1131.14930705101
2019-06-25,1141.9896290354352
2019-06-26,1125.5348205338976
2019-06-27,1154.1728822171483
2019-06-28,1119.6353354227085
2019-06-29,
2019-06-30,1137.0919401995334
2019-07-01,1107.2598014558348
2019-07-02,1102.8093344409187
2019-07-03,1133.7009920469318
2019-07-04,
2019-07-05,1137.9816747806756
2019-07-06,1132.99268880377
2019-07-07,1121.8987760368245
2019-07-08,
2019-07-09,1092.7177014281742
2019-07-10,1113.9167274140357
2019-07-11,
2019-07-12,1126.8003949113945
2019-07-13,1097.4433607579992
2019-07-14,1125.664285073801
2019-07-15,1129.7527079186625
2019-07-16,1104.2183175943965
2019-07-17,1124.8227343318254
2019-07-18,1122.7690789651233
2019-07-19,
2019-07-20,1128.4866965300375
2019-07-21,1132.4164992928504
2019-07-22,1142.7365736135307
2019-07-23,1142.0314503946208
2019-07-24,1093.2872417779201
2019-07-25,
2019-07-26,1130.928797814351
2019-07-27,1130.8065239375746
2019-07-28,1130.7407679332537
2019-07-29,1197.4099800691783
2019-07-30,1131.6954512685263
2019-07-31,1142.9182253933827
2019-08-01,1139.22342404963
2019-08-02,1133.1151164342275
2019-08-03,1113.73345516485
2019-08-04,1135.1776364554357
2019-08-05,1104.5092380681917
2019-08-06,1115.205151456285
2019-08-07,1110.2185349219449
2019-08-08,1121.5562796264803
2019-08-09,
2019-08-10,1082.586418432072
2019-08-11,1133.6772626662103
2019-08-12,1087.72759074315
2019-08-13,1110.5828270077814
2019-08-14,1141.8499305065925
2019-08-15,1121.4160595855055
2019-08-16,1098.6453759908495
2019-08-17,1105.9744636926464
2019-08-18,1133.9633923428623
2019-08-19,1105.8658133985698
2019-08-20,1124.915008497231
2019-08-21,1121.6211157475902
2019-08-22,1107.8128320754222
2019-08-23,1163.8703616353107
2019-08-24,1133.8281413668185
2019-08-25,1080.816986567239
2019-08-26,1125.2309508463804
2019-08-27,1108.4602593985737
2019-08-28,1138.951022861979
2019-08-29,1106.2706940075284
2019-08-30,1120.0576558338555
2019-08-31,1132.6960638346477
2019-09-01,1140.1681441123199
2019-09-02,1099.1167493314406
2019-09-03,1116.7153283297887
2019-09-04,1114.2022799249671
2019-09-05,1110.9437074240723
2019-09-06,
2019-09-07,1132.7683981217288
2019-09-08,
2019-09-09,1143.7388506083748
2019-09-10,1168.2017963515084
2019-09-11,1146.7989192743785
2019-09-12,1096.1671244200372
2019-09-13,1117.288802957728
2019-09-14,1152.7447978877924
2019-09-15,1113.700480519691
2019-09-16,1137.1918281788448
2019-09-17,1144.2840315111061
2019-09-18,1110.743054817642
2019-09-19,1128.5959315841608
2019-09-20,1065.48038039414
2019-09-21,1110.3518259764926
2019-09-22,1126.3366752687386
2019-09-23,1106.9954824760987
2019-09-24,1165.1771644371797
2019-09-25,1104.5186192145195
2019-09-26,1124.9278090139683
2019-09-27,1136.965528844918
2019-09-28,
2019-09-29,1106.9218812982076
2019-09-30,1159.568811973376
2019-10-01,1137.1914256034452
2019-10-02,
2019-10-03,1147.635733306843
2019-10-04,1143.1005187441021
2019-10-05,1127.8554411986765
2019-10-06,1142.011050796551
2019-10-07,1133.6787231290261
2019-10-08,1144.4400583519366
2019-10-09,1156.2117421607109
2019-10-10,1175.5035491347146
2019-10-11,1119.8556156242144
2019-10-12,1188.1158919247503
2019-10-13,1107.271306386322
2019-10-14,1144.1496862995714
2019-10-15,1159.8384905028697
2019-10-16,1154.5931144445608
2019-10-17,1137.434725889425
2019-10-18,1146.6559506495603
2019-10-19,1141.9022239852163
2019-10-20,1140.9328854897585
2019-10-21,1170.684170550175
2019-10-22,1161.8183112918534
2019-10-23,1141.8195184363751
2019-10-24,1174.6831591502305
2019-10-25,1163.864248542512
2019-10-26,1175.0161407777432
2019-10-27,1172.4055539038054
2019-10-28,1144.3004845133757
2019-10-29,1150.757387260536
2019-10-30,1178.000601913746
2019-10-31,1176.3688341475317
2019-11-01,1164.8629482891185
2019-11-02,1168.7598026788403
2019-11-03,1193.1114187299352
2019-11-04,
2019-11-05,
2019-11-06,1167.0230296173925
2019-11-07,1167.9070886500094
2019-11-08,1195.441952832042
2019-11-09,1191.192164563208
2019-11-10,1192.1830130196513
2019-11-11,
2019-11-12,1178.8248971053617
2019-11-13,1193.3065644420835
2019-11-14,1174.7357506245683
2019-11-15,
2019-11-16,1180.9173732449956
2019-11-17,1186.7653631304518
2019-11-18,1198.043973265721
2019-11-19,1171.101800628696
2019-11-20,1230.649144174289
2019-11-21,1170.0258455446751
2019-11-22,1167.2166300482293
2019-11-23,1216.0260451971217
2019-11-24,1210.0695222709467
2019-11-25,1208.0999169149284
2019-11-26,1209.5742881241545
2019-11-27,1198.1606961449547
2019-11-28,1181.866982760492
2019-11-29,1202.7425710695695
2019-11-30,1189.1054103579745
2019-12-01,1223.5807404480274
2019-12-02,1202.5742151586885
2019-12-03,1190.449528820377
2019-12-04,1201.9827338881387
2019-12-05,1218.1266987730592
2019-12-06,1200.0576096352224
2019-12-07,1196.3579049571397
2019-12-08,1219.1522177532743
2019-12-09,1220.6596796201068
2019-12-10,1207.108837233074
2019-12-11,1209.3195272640921
2019-12-12,
2019-12-13,1192.778553307102
2019-12-14,1195.0978357451506
2019-12-15,1210.3893720818078
2019-12-16,1222.0044881003646
2019-12-17,1234.010540408923
2019-12-18,
2019-12-19,1247.9938578815681
2019-12-20,1229.1707158263775
2019-12-21,1233.52077205753
2019-12-22,1215.3846566055367
2019-12-23,1236.6014151128452
2019-12-24,1232.7369729218349
2019-12-25,1246.5047657864448
2019-12-26,1225.0475521509854
2019-12-27,1253.5221514104608
2019-12-28,1275.3340688714916
2019-12-29,1244.0489219291774
2019-12-30,1255.8037036204885
2019-12-31,1263.117948327373
2020-01-01,1242.836258370075
2020-01-02,1256.887861724195
2020-01-03,1254.2026943904973
2020-01-04,1257.4484378316408
2020-01-05,1241.57777028716
2020-01-06,1259.0699458917973
2020-01-07,1270.0799571109726
2020-01-08,
2020-01-09,
2020-01-10,1307.7926899209488
2020-01-11,1250.9136993028942
2020-01-12,1285.235884303187
2020-01-13,1272.982093847167
2020-01-14,1314.6338065536922
2020-01-15,1256.190740144597
2020-01-16,1257.0774436358295
2020-01-17,1263.395172844739
2020-01-18,1234.4119823630567
2020-01-19,1267.8771497742905
2020-01-20,1264.7071903787687
2020-01-21,1284.390311975329
2020-01-22,1289.7049083039124
2020-01-23,1321.875080247183
2020-01-24,1304.8363008815538
2020-01-25,1275.7599631817511
2020-01-26,1270.7937738717874
2020-01-27,1300.058069695233
2020-01-28,1265.2660000896612
2020-01-29,1329.7439495146573
2020-01-30,1318.1405936210547
2020-01-31,1286.5979793559904
2020-02-01,1263.1409664987887
2020-02-02,1325.8955142794014
2020-02-03,1297.933708479356
2020-02-04,
2020-02-05,1271.1240632365286
2020-02-06,1292.406368135538
2020-02-07,1305.8711832535448
2020-02-08,1308.069346557612
2020-02-09,1299.4826343820475
2020-02-10,1322.2857369726717
2020-02-11,1289.811514105284
2020-02-12,1309.6417145288926
2020-02-13,1316.2106057899418
2020-02-14,1325.3986793351273
2020-02-15,1330.6370464840857
2020-02-16,1295.1962093931065
2020-02-17,1288.2803485554045
2020-02-18,1345.778853151565
2020-02-19,1328.1232144991363
2020-02-20,1307.7475859555318
2020-02-21,1354.9693389133045
2020-02-22,1327.4772138798605
2020-02-23,1349.955367953024
2020-02-24,1328.913623948433
2020-02-25,1369.9600190394729
2020-02-26,
2020-02-27,1326.0927332025533
2020-02-28,1351.6483009927238
2020-02-29,1346.2566758096027
2020-03-01,1361.8413392980858
2020-03-02,1316.2769379634183
2020-03-03,1350.3901581217947
2020-03-04,1358.918241991476
2020-03-05,1303.6423701925062
2020-03-06,1316.2060683320217
2020-03-07,1300.1272353061195
2020-03-08,1336.5508386558447
2020-03-09,1357.3032717606327
2020-03-10,1373.9992764556696
2020-03-11,1346.4199039849423
2020-03-12,1378.4822672690843
2020-03-13,1319.2658651436104
2020-03-14,1313.7440925424921
2020-03-15,1347.630466722532
2020-03-16,1357.3381688752274
2020-03-17,1349.9040956512415
2020-03-18,1310.0959067852207
2020-03-19,1350.5346738192736
2020-03-20,1327.0855225445794
2020-03-21,1367.4116623621505
2020-03-22,1362.1788890964308
2020-03-23,1336.8634125894644
2020-03-24,1346.1830871926559
2020-03-25,1336.0608714822608
2020-03-26,1356.7615459440874
2020-03-27,1377.8732046544737
2020-03-28,1339.7962912269577
2020-03-29,1370.317403475081
2020-03-30,1350.3421768411347
2020-03-31,1345.785915958001
2020-04-01,1360.1839928569334
2020-04-02,
2020-04-03,1352.5696298092944
2020-04-04,1340.321861835328
2020-04-05,1404.1959408967211
2020-04-06,1366.2139612520036
2020-04-07,1352.1066884679026
2020-04-08,
2020-04-09,1364.9955376958828
2020-04-10,1363.3711661924585
2020-04-11,1380.6077437916483
2020-04-12,1383.9938524818508
2020-04-13,1358.7384497848873
2020-04-14,1358.3224217308882
2020-04-15,1364.8136634273485
2020-04-16,1324.737843859523
2020-04-17,1340.9197408382704
2020-04-18,1398.9941379201389
2020-04-19,1404.9749675172095
2020-04-20,1367.4998021318181
2020-04-21,1384.402603836161
2020-04-22,1379.473528409893
2020-04-23,1435.189412552732
2020-04-24,1396.352871312483
2020-04-25,1371.7390029627668
2020-04-26,1355.5090360987463
2020-04-27,1342.8000244329637
2020-04-28,1379.2940566570383
2020-04-29,1360.3804446080592
2020-04-30,1347.3320225654304
2020-05-01,1363.1023610464122
2020-05-02,1354.6467922508198
2020-05-03,1410.2518609115702
2020-05-04,1394.360575959236
2020-05-05,1376.7746954660274
2020-05-06,1406.7271552131099
2020-05-07,1378.8576648388628
2020-05-08,1360.2546920392779
2020-05-09,1408.1011386828905
2020-05-10,1388.563498832456
2020-05-11,1357.1755349502582
2020-05-12,
2020-05-13,1360.6446258856936
2020-05-14,1350.6027050028458
2020-05-15,1396.8731500590886
2020-05-16,1416.6181982462685
2020-05-17,1350.5283263063225
2020-05-18,1389.8186031528676
2020-05-19,1365.5958212802948
2020-05-20,1368.9057211440645
2020-05-21,
2020-05-22,1361.418599308798
2020-05-23,1379.679868036515
2020-05-24,1362.0923378193265
2020-05-25,1384.1134676233712
2020-05-26,1377.6838512062334
2020-05-27,1373.88543369003
2020-05-28,1360.4806116998993
2020-05-29,1367.055870317278
2020-05-30,1393.650670094705
2020-05-31,1388.505091959023
2020-06-01,1358.8721195005594
2020-06-02,1380.339142040223
2020-06-03,1393.302529197653
2020-06-04,1344.802217156741
2020-06-05,
2020-06-06,1364.7495693372066
2020-06-07,1389.3106652868785
2020-06-08,1362.524324718389
2020-06-09,1341.5770856190884
2020-06-10,1345.0037394786132
2020-06-11,1378.391027154043
2020-06-12,1382.4936376976593
2020-06-13,1359.078075584874
2020-06-14,1389.7970815656452
2020-06-15,1343.6515035280072
2020-06-16,1375.4130746949359
2020-06-17,1352.3634526669664
2020-06-18,1363.3927482734807
2020-06-19,1377.2199740803906
2020-06-20,1358.9033496518318
2020-06-21,1368.2574589404114
2020-06-22,1395.908966715214
2020-06-23,1364.0776536739468
2020-06-24,
2020-06-25,1352.680645603187
2020-06-26,1385.6982842323077
2020-06-27,1403.7598445006258
2020-06-28,1325.320961373708
2020-06-29,1358.6406881348237
2020-06-30,1385.9443951277713
2020-07-01,1370.166276681281
2020-07-02,1381.4744612094944
2020-07-03,1361.7965818757311
2020-07-04,1375.4334606482917
2020-07-05,1370.4143916044577
2020-07-06,1396.710995523158
2020-07-07,1378.2725897976109
2020-07-08,1379.7666991633955
2020-07-09,1364.609487132927
2020-07-10,1362.9294426798433
2020-07-11,1363.867356272398
2020-07-12,1380.2471791798048
2020-07-13,1363.780976940372
2020-07-14,1377.841857462014
2020-07-15,1413.403482291328
2020-07-16,1389.1707262815487
2020-07-17,1365.0844339528464
2020-07-18,1395.4900073426181
2020-07-19,1363.1694418626407
2020-07-20,1330.4383180619288
2020-07-21,1350.913822531677
2020-07-22,1333.5395709334055
2020-07-23,1363.8103594562358
2020-07-24,1371.0998126550771
2020-07-25,
2020-07-26,1377.0693523946136
2020-07-27,1366.0578036309555
2020-07-28,1386.9434618797538
2020-07-29,1326.0549348745053
2020-07-30,1374.9192037519422
2020-07-31,
2020-08-01,1340.5155664925146
2020-08-02,1392.9139209217956
2020-08-03,1376.7681801954584
2020-08-04,1361.659984080927
2020-08-05,1382.5971609132107
2020-08-06,1415.339663034615
2020-08-07,1373.5561219399237
2020-08-08,1374.8851132346897
2020-08-09,1360.7445042931022
2020-08-10,1352.9551714694242
2020-08-11,1386.5886244978278
2020-08-12,1352.8997878053926
2020-08-13,
2020-08-14,1360.577310268294
2020-08-15,1379.7798680643632
2020-08-16,1376.9537799835848
2020-08-17,1391.1222362493268
2020-08-18,1360.2728180558177
2020-08-19,1365.188337999724
2020-08-20,1351.134404633868
2020-08-21,1361.9589738260163
2020-08-22,1378.5374897097013
2020-08-23,1386.2895332533653
2020-08-24,1352.8765318168385
2020-08-25,1388.8939829531053
2020-08-26,1398.8087458700404
2020-08-27,1380.1710542305282
2020-08-28,1409.6570250273437
2020-08-29,1356.876600681122
2020-08-30,1347.7032241888103
2020-08-31,1337.278635250832
2020-09-01,1403.0435637023397
2020-09-02,1386.4926661736888
2020-09-03,1372.589492729977
2020-09-04,1379.6096646019428
2020-09-05,1351.8230012479517
2020-09-06,1423.5838034948463
2020-09-07,1377.6027642421786
2020-09-08,1377.5695075593771
2020-09-09,1390.2740048892294
2020-09-10,1385.7697986980897
2020-09-11,1381.0322042247
2020-09-12,1361.1639953061467
2020-09-13,1386.8359420467798
2020-09-14,1415.4943597615672
2020-09-15,1405.2238405390199
2020-09-16,1410.6550829753073
2020-09-17,1369.0573507205797
2020-09-18,1359.994342300225
2020-09-19,1377.7899887935284
2020-09-20,1381.9540770489523
2020-09-21,1403.271868666021
2020-09-22,1348.1018535210992
2020-09-23,1413.1199447477593
2020-09-24,1379.9612888021525
2020-09-25,1375.1910773489594
2020-09-26,1364.108629793993
2020-09-27,1351.8903876327481
2020-09-28,1402.1025360010347
2020-09-29,1387.7718962740448
2020-09-30,1361.1875463882325
2020-10-01,1361.7812323364453
2020-10-02,1381.677969835775
2020-10-03,1422.4997553384205
2020-10-04,1384.6679517145803
2020-10-05,
2020-10-06,1386.4701337845424
2020-10-07,1386.7152400519583
2020-10-08,1339.0313958114584
2020-10-09,1392.6973154814514
2020-10-10,1389.993234996578
2020-10-11,
2020-10-12,1433.292184275679
2020-10-13,
2020-10-14,1392.6943725620815
2020-10-15,1376.8427589150265
2020-10-16,1451.355912350834
2020-10-17,1402.0027643369956
2020-10-18,1402.040828516652
2020-10-19,1402.2376788864426
2020-10-20,1407.6538238251117
2020-10-21,1401.7907933340734
2020-10-22,1394.2044702039834
2020-10-23,1395.7539828167576
2020-10-24,
2020-10-25,1397.8904029782886
2020-10-26,1395.5560614117899
2020-10-27,1413.008989285655
2020-10-28,1406.8614637160583
2020-10-29,1443.1345895829345
2020-10-30,1361.1420326710022
2020-10-31,1437.1111172068508
2020-11-01,1441.3349588626172
2020-11-02,1376.0903161660037
2020-11-03,1411.8616894028426
2020-11-04,1412.4562591245524
2020-11-05,
2020-11-06,1406.7043789627364
2020-11-07,1401.2548988829817
2020-11-08,1459.7292464519196
2020-11-09,1444.6263881625878
2020-11-10,1452.58430462664
2020-11-11,1442.838261553571
2020-11-12,1407.0864695918397
2020-11-13,
2020-11-14,1442.0128792885519
2020-11-15,1409.0776781545103
2020-11-16,1449.085412434045
2020-11-17,1431.33432479382
2020-11-18,1429.9697981423735
2020-11-19,1453.0205980246496
2020-11-20,1449.0314594043898
2020-11-21,1434.2810789876023
2020-11-22,1466.050423794405
2020-11-23,1422.61500183969
2020-11-24,1457.9362327127706
2020-11-25,1458.8694030982365
2020-11-26,1442.2147028156132
2020-11-27,1456.3347306350508
2020-11-28,1426.2042083779888
2020-11-29,1471.1291849723548
2020-11-30,
2020-12-01,1445.0609023783504
2020-12-02,1477.9396572729652
2020-12-03,1444.3235769103433
2020-12-04,1431.6988437602756
2020-12-05,1430.199517220824
2020-12-06,1474.9225118953811
2020-12-07,1438.6698864735104
2020-12-08,1500.8562318376196
2020-12-09,1425.6091125828223
2020-12-10,1502.6694207422593
2020-12-11,1474.458236122448
2020-12-12,1469.8059778996405
2020-12-13,1462.3487294965028
2020-12-14,
2020-12-15,1475.5207370861044
2020-12-16,1499.8584267372933
2020-12-17,1481.599436227142
2020-12-18,1483.8467006467654
2020-12-19,1475.097242181369
2020-12-20,1482.7621837411623
2020-12-21,1491.591279276134
2020-12-22,1452.7683099795604
2020-12-23,1461.5464372581234
2020-12-24,1504.9156764601373
2020-12-25,1495.0094797845907
2020-12-26,1489.455554398584
2020-12-27,1495.0479692727479
2020-12-28,1503.1757590055481
2020-12-29,1486.9742755723223
2020-12-30,1483.7489739851044
2020-12-31,
2021-01-01,1481.9781437623406
2021-01-02,1511.2559987091256
2021-01-03,1470.584105796954
2021-01-04,1526.762960114026
2021-01-05,1517.1748471193796
2021-01-06,1514.3852685997454
2021-01-07,
2021-01-08,1545.652879549709
2021-01-09,1534.1672258952206
2021-01-10,1478.596487650934
2021-01-11,1491.3540427327905
2021-01-12,1505.9780315217092
2021-01-13,1520.5220062434662
2021-01-14,1531.8758598055706
2021-01-15,1508.52676109548
2021-01-16,1528.2921472758358
2021-01-17,1510.9602986134023
2021-01-18,1515.3444722962633
2021-01-19,1500.9439597777907
2021-01-20,1512.1101101944737
2021-01-21,1505.0336756403274
2021-01-22,1514.0372552356719
2021-01-23,1556.1094309018713
2021-01-24,1517.5247778480432
2021-01-25,
2021-01-26,1549.3133568232217
2021-01-27,1544.6013402458498
2021-01-28,
2021-01-29,1557.8059032925994
2021-01-30,1533.7239661887227
2021-01-31,1549.1066201978413
2021-02-01,1599.2902793528312
2021-02-02,
2021-02-03,1573.8949034169711
2021-02-04,1538.244162051764
2021-02-05,1552.9977781093262
2021-02-06,1590.494812814173
2021-02-07,1543.911899610275
2021-02-08,1594.0636373491052
2021-02-09,1573.3239140275912
2021-02-10,1549.2643343146856
2021-02-11,1574.4970089808955
2021-02-12,1582.6253247287025
2021-02-13,1576.925823906897
2021-02-14,1534.3903397629922
2021-02-15,1552.5469369126597
2021-02-16,
2021-02-17,1568.1588948949654
2021-02-18,1583.3236901714577
2021-02-19,1575.715885785059
2021-02-20,1546.6953610193102
2021-02-21,1582.2351879298226
2021-02-22,1588.0603676065289
2021-02-23,1588.2501647372176
2021-02-24,1599.8638003381727
2021-02-25,1596.1084351396603
2021-02-26,1589.78322879327
2021-02-27,1580.353633449811
2021-02-28,
2021-03-01,
2021-03-02,1589.3073933975504
2021-03-03,1591.6919154257773
2021-03-04,1561.819088912269
2021-03-05,1566.8135529531685
2021-03-06,1610.5651484944756
2021-03-07,1589.7650670150533
2021-03-08,1605.2268243156232
2021-03-09,1593.1902743741941
2021-03-10,1594.2324809414774
2021-03-11,1613.4027430401181
2021-03-12,1585.3020453190486
2021-03-13,1598.5173034033276
2021-03-14,1588.3073200406568
2021-03-15,1589.8067482877982
2021-03-16,1593.242909737941
2021-03-17,1604.7844668359648
2021-03-18,
2021-03-19,1627.244802804338
2021-03-20,1585.1098600719886
2021-03-21,1600.1224111782983
2021-03-22,1595.9085217269155
2021-03-23,1634.4714133684179
2021-03-24,1610.2770353530923
2021-03-25,1627.7822478356118
2021-03-26,1578.21886596615
2021-03-27,1614.0410647137853
2021-03-28,1627.2479056637671
2021-03-29,1611.8414234460265
2021-03-30,1632.2310121728801
2021-03-31,1601.2864917134254
2021-04-01,1640.5152529138088
2021-04-02,1658.9874940352588
2021-04-03,1606.4191729625609
2021-04-04,1605.4174969950718
2021-04-05,1644.0320407363083
2021-04-06,1647.177812659857
2021-04-07,1605.7364211763531
2021-04-08,1608.3823937926863
2021-04-09,1611.7282302005449
2021-04-10,1591.038019975863
2021-04-11,
2021-04-12,1598.9265259625877
2021-04-13,1604.1726784856714
2021-04-14,1619.3397064962116
2021-04-15,
2021-04-16,1652.009638733512
2021-04-17,1601.4941178463084
2021-04-18,1641.5949415586224
2021-04-19,1618.0618071935874
2021-04-20,1621.7712705609845
2021-04-21,1636.6618442731271
2021-04-22,
2021-04-23,1631.5816517495527
2021-04-24,1627.6257720547378
2021-04-25,1634.495329870804
2021-04-26,1630.7656591773878
2021-04-27,1674.4107792158218
2021-04-28,
2021-04-29,1615.2897763465066
2021-04-30,1613.7295804920993
2021-05-01,1615.352485881028
2021-05-02,1613.9710076919816
2021-05-03,1650.7430144521081
2021-05-04,1655.6040446767654
2021-05-05,1615.997786452107
2021-05-06,1610.9719683371247
2021-05-07,1637.2415150698869
2021-05-08,1616.9507693071403
2021-05-09,1640.8239439278025
2021-05-10,1632.3820490613725
2021-05-11,1598.1553471656675
2021-05-12,1659.5554935702378
2021-05-13,1664.6467852494698
2021-05-14,1616.5861486505503
2021-05-15,1621.1895999302621
2021-05-16,1634.7518384298032
2021-05-17,1635.8039327434558
2021-05-18,1642.355494743011
2021-05-19,
2021-05-20,1625.7546596196996
2021-05-21,1613.3672154354383
2021-05-22,1601.7766250741402
2021-05-23,1614.7647454104053
2021-05-24,1628.7318275269918
2021-05-25,1665.2874289247525
2021-05-26,1619.0370366339002
2021-05-27,1633.8493039348434
2021-05-28,1629.0208682127525
2021-05-29,1653.0846819165422
2021-05-30,1679.8148769529662
2021-05-31,1618.6104016266327
2021-06-01,
2021-06-02,1649.991373444761
2021-06-03,1642.6752572310138
2021-06-04,1665.8938647517873
2021-06-05,1640.5538179925372
2021-06-06,1621.598421758079
2021-06-07,1640.5000726368191
2021-06-08,1650.7576950335226
2021-06-09,1644.8840829800358
2021-06-10,1638.505139761374
2021-06-11,1649.5730135349086
2021-06-12,1651.5001715365784
2021-06-13,1655.6272989908296
2021-06-14,1640.823537345604
2021-06-15,1624.3678022906097
2021-06-16,1630.5011100089023
2021-06-17,1651.5497815048986
2021-06-18,1610.9299947493203
2021-06-19,1634.4878681138314
2021-06-20,1619.0901559143645
2021-06-21,1627.3714449230567
2021-06-22,1652.2025385840034
2021-06-23,1630.2900233981725
2021-06-24,1627.229153534382
2021-06-25,1598.9337727419656
2021-06-26,1640.8847855237332
2021-06-27,
2021-06-28,1668.8784980604262
2021-06-29,1619.283218184043
2021-06-30,
2021-07-01,1630.0755577652249
2021-07-02,1656.4611815042597
2021-07-03,1622.8305646011784
2021-07-04,1630.1416476323036
2021-07-05,1636.5445266000138
2021-07-06,1627.9450502822758
2021-07-07,1615.1116135058007
2021-07-08,
2021-07-09,1645.172212425936
2021-07-10,1603.001651974004
2021-07-11,1626.0258921510801
2021-07-12,1609.2010352368563
2021-07-13,
2021-07-14,1592.4218599679511
2021-07-15,1611.5528548855034
2021-07-16,1630.1246353265587
2021-07-17,1653.743644304451
2021-07-18,1620.9748308815929
2021-07-19,1611.0466698723246
2021-07-20,1659.6390222187329
2021-07-21,1592.92546226401
2021-07-22,1577.7843611244725
2021-07-23,
2021-07-24,1611.484476156859
2021-07-25,1600.9917202355211
2021-07-26,1635.4801529230142
2021-07-27,1626.0917507016038
2021-07-28,1609.8431730992475
2021-07-29,1595.4341937895153
2021-07-30,1638.411719127115
2021-07-31,1633.8958676557934
2021-08-01,1618.8448030110276
2021-08-02,
2021-08-03,1599.322076237983
2021-08-04,1590.1726801339246
2021-08-05,1606.8125124681676
2021-08-06,1619.7147347708244
2021-08-07,1625.4775263718302
2021-08-08,1615.7790071884767
2021-08-09,1627.6467409458182
2021-08-10,1595.5858653069474
2021-08-11,1649.5122824470343
2021-08-12,1619.023816105941
2021-08-13,1643.0523124621818
2021-08-14,
2021-08-15,1629.950455093521
2021-08-16,1632.2805486609288
2021-08-17,1629.9196405850414
2021-08-18,1633.910824068369
2021-08-19,
2021-08-20,1625.2011916064703
2021-08-21,1635.5746856081337
2021-08-22,1619.7350566486432
2021-08-23,1650.4787556646427
2021-08-24,1608.3068463861223
2021-08-25,1658.0235784654567
2021-08-26,1621.3836370449542
2021-08-27,1593.7654181584296
2021-08-28,1625.1493759711193
2021-08-29,1609.185007133534
2021-08-30,1639.8501871498174
2021-08-31,1610.22877017584
2021-09-01,
2021-09-02,1586.0167943604947
2021-09-03,1615.0441581684754
2021-09-04,1575.9085311224562
2021-09-05,1593.0171671126814
2021-09-06,1640.2260068236546
2021-09-07,1641.0696985823754
2021-09-08,1634.2124233452225
2021-09-09,1606.727020311544
2021-09-10,1625.4893767952656
2021-09-11,1626.7624947883935
2021-09-12,1604.072161462116
2021-09-13,1657.7263819572454
2021-09-14,1645.6387522224227
2021-09-15,1624.1195178623225
2021-09-16,1629.5380879026602
2021-09-17,1633.6439381083198
2021-09-18,1589.131898387567
2021-09-19,1625.527822561834
2021-09-20,1617.3509737424147
2021-09-21,1611.4921101121292
2021-09-22,1626.4509639457322
2021-09-23,1668.5898081592354
2021-09-24,1646.0307270907367
2021-09-25,1622.3827984849256
2021-09-26,1645.8652858818805
2021-09-27,1663.0227575377658
2021-09-28,1654.1651262351681
2021-09-29,1637.516663227049
2021-09-30,1624.0517328830147
2021-10-01,
2021-10-02,1646.2374469930019
2021-10-03,1656.9824597289812
2021-10-04,1652.5076923731215
2021-10-05,1661.5357645550885
2021-10-06,1630.5952363723886
2021-10-07,1668.4178078857972
2021-10-08,1646.806635047609
2021-10-09,1685.1592776296445
2021-10-10,1630.6843879568655
2021-10-11,1680.0161331709057
2021-10-12,1650.0983716077271
2021-10-13,1633.9696338113324
2021-10-14,1638.1926030260458
2021-10-15,1642.3501317161408
2021-10-16,1658.1415275247475
2021-10-17,1661.0303575533962
2021-10-18,1640.0293270847837
2021-10-19,
2021-10-20,1696.2505193077293
2021-10-21,1688.9279235186182
2021-10-22,1664.0894064728823
2021-10-23,1657.1227114118012
2021-10-24,1659.7767196827801
2021-10-25,1670.6735490864376
2021-10-26,1638.987978603845
2021-10-27,1655.3503778237155
2021-10-28,1628.1936347611145
2021-10-29,1670.6304020234304
2021-10-30,1676.683580112185
2021-10-31,1655.1826310997244
2021-11-01,1697.4456469410516
2021-11-02,1642.582873259467
2021-11-03,1638.9555547168195
2021-11-04,1673.8894091624982
2021-11-05,1691.5119740035607
2021-11-06,1705.430368002077
2021-11-07,1663.7679589640243
2021-11-08,1695.7249639677732
2021-11-09,1674.5985997002824
2021-11-10,1673.1452058076713
2021-11-11,1695.5113329833396
2021-11-12,
2021-11-13,1648.8245933833487
2021-11-14,1711.1568242578046
2021-11-15,1710.512146653792
2021-11-16,1671.6939118090077
2021-11-17,
2021-11-18,1696.7063679894868
2021-11-19,1693.364621116693
2021-11-20,1678.4802270905204
2021-11-21,1677.3986573227573
2021-11-22,1691.6742523910043
2021-11-23,1717.0033396191568
2021-11-24,1705.793202990426
2021-11-25,1688.8901654390124
2021-11-26,1713.126283658685
2021-11-27,1642.1197106961408
2021-11-28,1723.4723157044996
2021-11-29,1667.1171358369822
2021-11-30,
2021-12-01,1682.3698793939989
2021-12-02,1680.3066647811622
2021-12-03,1730.8609400106468
2021-12-04,1699.74135820181
2021-12-05,1717.4830788290103
2021-12-06,1711.0786206205676
2021-12-07,
2021-12-08,1716.4998428514905
2021-12-09,1690.7854352210102
2021-12-10,1737.8579686362887
2021-12-11,1709.5500932200816
2021-12-12,
2021-12-13,1713.8628684245796
2021-12-14,1753.9472385522172
2021-12-15,1742.4476228559754
2021-12-16,1719.9853199532936
2021-12-17,1721.4921665174436
2021-12-18,1723.567113736403
2021-12-19,1773.0605565955939
2021-12-20,1740.6931269771264
2021-12-21,1743.1868606662545
2021-12-22,1756.725844485779
2021-12-23,1742.4323925200724
2021-12-24,1734.014234290673
2021-12-25,1736.8083291048326
2021-12-26,
2021-12-27,1743.0757079022897
2021-12-28,1759.9168129910288
2021-12-29,1747.94797412131
2021-12-30,1763.1072022296705
2021-12-31,1748.3856683978283
2022-01-01,1753.118303120963
2022-01-02,1713.126929904194
2022-01-03,1772.9623313757604
2022-01-04,1763.109616885473
2022-01-05,1777.6830996683118
2022-01-06,1701.339566349594
2022-01-07,1802.5724168885272
2022-01-08,1759.5515980973541
2022-01-09,
2022-01-10,1744.6158537350564
2022-01-11,1779.201060168756
2022-01-12,
2022-01-13,1757.5248060253334
2022-01-14,1809.803306473524
2022-01-15,1769.2279893432824
2022-01-16,1778.9054694498886
2022-01-17,1793.4693118742439
2022-01-18,1787.4884661155543
2022-01-19,1782.0855598176265
2022-01-20,1787.8739951660164
2022-01-21,1830.1356794574194
2022-01-22,1782.4023443545468
2022-01-23,1789.0585759040139
2022-01-24,1807.5258435448343
2022-01-25,1810.0934864610083
2022-01-26,1813.1876049168116
2022-01-27,1803.679222212536
2022-01-28,
2022-01-29,1826.4683363504414
2022-01-30,1772.3098148531044
2022-01-31,1802.7191332097143
2022-02-01,1783.0030715870682
2022-02-02,1798.2202313710823
2022-02-03,1807.4846850973272
2022-02-04,1808.7348348632872
2022-02-05,1812.135963003971
2022-02-06,1837.3530254826358
2022-02-07,1815.52192679631
2022-02-08,1802.9315334833536
2022-02-09,1828.4506186842486
2022-02-10,1834.3030796110638
2022-02-11,1787.2966978970453
2022-02-12,1825.1222371331648
2022-02-13,1828.513079508771
2022-02-14,1809.8435640936016
2022-02-15,1844.6038166953895
2022-02-16,1815.3728709960628
2022-02-17,
2022-02-18,
2022-02-19,1822.4734467180233
2022-02-20,1801.476746455608
2022-02-21,
2022-02-22,1857.7387539653519
2022-02-23,1810.1151288122303
2022-02-24,1808.4203388379542
2022-02-25,1786.362189776608
2022-02-26,1817.820392254911
2022-02-27,1805.295151810834
2022-02-28,1865.7421166832135
2022-03-01,1854.2304301116017
2022-03-02,1821.3906327507336
2022-03-03,1881.309054788756
2022-03-04,1856.989370168507
2022-03-05,1831.9380560911611
2022-03-06,1789.5139771303461
2022-03-07,1886.3750215440014
2022-03-08,1813.8053610328989
2022-03-09,1809.715931912447
2022-03-10,1864.0887667917552
2022-03-11,
2022-03-12,1873.3083962536066
2022-03-13,1857.873070265555
2022-03-14,
2022-03-15,1865.5649840120507
2022-03-16,1864.604924003049
2022-03-17,1855.9656198826783
2022-03-18,1853.32694419901
2022-03-19,
2022-03-20,1837.9227143390451
2022-03-21,1848.2463425241901
2022-03-22,1820.8440066084913
2022-03-23,1853.5650631454482
2022-03-24,1836.5741176798424
2022-03-25,1835.0735707019237
2022-03-26,
2022-03-27,1886.540105123292
2022-03-28,1877.8216218713446
2022-03-29,
2022-03-30,1841.1288419401662
2022-03-31,1880.4476844751973
2022-04-01,1842.678556239331
2022-04-02,1858.5168685629333
2022-04-03,1874.676986151845
2022-04-04,1844.9606583258146
2022-04-05,1867.0718613168735
2022-04-06,1838.9058598468787
2022-04-07,1854.1662688403942
2022-04-08,1873.1817688174542
2022-04-09,1835.5040477071216
2022-04-10,1876.7365249557567
2022-04-11,1868.0827337114386
2022-04-12,1880.0591403859721
2022-04-13,1874.0069124690472
2022-04-14,1897.316212843424
2022-04-15,1873.0282081035891
2022-04-16,1862.4115180547253
2022-04-17,1873.9071487217298
2022-04-18,1882.7744541698185
2022-04-19,1873.3187854846117
2022-04-20,1873.5723785781108
2022-04-21,1859.12562067366
2022-04-22,1860.298377730876
2022-04-23,1845.8813513898776
2022-04-24,1909.2882627542153
2022-04-25,1849.7690398828154
2022-04-26,1861.1241823433131
2022-04-27,1860.9366311062201
2022-04-28,1893.5123698838531
2022-04-29,1870.0107218807025
2022-04-30,1901.1472324740694
2022-05-01,1862.9922157793558
2022-05-02,1882.2986334825882
2022-05-03,
2022-05-04,1920.096942272436
2022-05-05,1853.660743946506
2022-05-06,1883.8154940037498
2022-05-07,
2022-05-08,1886.2712121417896
2022-05-09,1874.459554395138
2022-05-10,1875.727174649678
2022-05-11,1879.3464589051944
2022-05-12,
2022-05-13,
2022-05-14,
2022-05-15,1867.7937954288252
2022-05-16,1851.6384710237235
2022-05-17,1877.34915597669
2022-05-18,1930.7787960426408
2022-05-19,1863.1706585665108
2022-05-20,1912.075940278462
2022-05-21,1912.8871766077364
2022-05-22,1868.2912448002708
2022-05-23,1890.763007792949
2022-05-24,1911.9622994470385
2022-05-25,1871.813716834647
2022-05-26,1875.3176554125764
2022-05-27,1867.7399266230927
2022-05-28,1859.0541915203503
2022-05-29,1866.3312655462605
2022-05-30,1854.7974231002486
2022-05-31,1879.9094464502236
2022-06-01,1863.7722150922118
2022-06-02,1883.7838741391945
2022-06-03,1847.9195145144151
2022-06-04,1885.5773228813557
2022-06-05,1895.5458335181963
2022-06-06,1838.909550722391
2022-06-07,
2022-06-08,1903.1370032713305
2022-06-09,1854.2816189822645
2022-06-10,1911.8111068759822
2022-06-11,1886.6198999304465
2022-06-12,1864.0140226124965
2022-06-13,1876.868737616925
2022-06-14,1889.0158778442458
2022-06-15,1879.230271725195
2022-06-16,1888.3419561291632
2022-06-17,
2022-06-18,1880.6559246497864
2022-06-19,1848.8401119982736
2022-06-20,1874.7324109339377
2022-06-21,
2022-06-22,1861.922902480062
2022-06-23,1901.1899055419833
2022-06-24,1898.1266249831444
2022-06-25,1888.3136579797076
2022-06-26,1854.113458909737
2022-06-27,1869.458963186955
2022-06-28,1899.8753575939006
2022-06-29,1878.2731211559012
2022-06-30,1921.6501155507165
2022-07-01,1882.9542408788973
2022-07-02,1878.753098238791
2022-07-03,1868.5541459648675
2022-07-04,1877.2320352125425
2022-07-05,1871.337199678072
2022-07-06,1888.3750413529206
2022-07-07,1893.174332132703
2022-07-08,1858.1493152282767
2022-07-09,1847.0749183575851
2022-07-10,
2022-07-11,1883.5263252063935
2022-07-12,1851.1361194121623
2022-07-13,1829.9852559800386
2022-07-14,1880.657170154246
2022-07-15,1922.591282179591
2022-07-16,1872.4589795944705
2022-07-17,1889.202979208797
2022-07-18,1873.926423274004
2022-07-19,1870.1728673423656
2022-07-20,1890.3974104896763
2022-07-21,1866.080249388562
2022-07-22,1877.1083265383122
2022-07-23,1878.0742969846922
2022-07-24,1858.1637515710504
2022-07-25,1891.2572235688658
2022-07-26,
2022-07-27,1856.1008332363228
2022-07-28,1881.85494258539
2022-07-29,1853.0709221271127
2022-07-30,1871.5261957088946
2022-07-31,1870.7094641637361
2022-08-01,1892.546231603247
2022-08-02,1880.2661875725596
2022-08-03,1870.2232323896033
2022-08-04,1887.0385095364252
2022-08-05,1898.4548248461388
2022-08-06,1881.7826612249717
2022-08-07,1870.8177897822438
2022-08-08,1844.3670036986
2022-08-09,
2022-08-10,1864.512159703663
2022-08-11,1858.4467463223834
2022-08-12,1866.9274136140834
2022-08-13,
2022-08-14,1881.349705161229
2022-08-15,1869.4054151492635
2022-08-16,1880.615235932809
2022-08-17,1872.2549576808974
2022-08-18,1831.5470375439406
2022-08-19,1852.371369663387
2022-08-20,1868.3890170980085
2022-08-21,1847.2007155995411
2022-08-22,
2022-08-23,1902.2914280025273
2022-08-24,1896.209929461254
2022-08-25,1867.7359123886363
2022-08-26,1902.0013187948402
2022-08-27,
2022-08-28,
2022-08-29,1860.5379870122129
2022-08-30,1866.9879224402803
2022-08-31,1865.5177133910634
2022-09-01,1876.9462961832767
2022-09-02,1877.0190886004027
2022-09-03,
2022-09-04,1883.1248810499624
2022-09-05,1898.5081490781226
2022-09-06,1894.008796409595
2022-09-07,1845.6557360403608
2022-09-08,1824.624849411484
2022-09-09,1894.752941398914
2022-09-10,1849.1060299497967
2022-09-11,1872.3392375323513
2022-09-12,1853.8371947247797
2022-09-13,1841.618807170302
2022-09-14,1888.920760975005
2022-09-15,1893.7219045449688
2022-09-16,
2022-09-17,1827.6554361064705
2022-09-18,1869.0417067910032
2022-09-19,1888.3074503202968
2022-09-20,1851.412427326888
2022-09-21,1885.1917087056106
2022-09-22,1881.7667728199915
2022-09-23,1894.2219076142667
2022-09-24,1885.6054772336795
2022-09-25,1864.3449994629505
2022-09-26,1908.345060288047
2022-09-27,1881.8650573455063
2022-09-28,1885.126361786714
2022-09-29,1867.6586966471818
2022-09-30,1878.1248234132959
2022-10-01,
2022-10-02,1884.9088180860983
2022-10-03,1923.3127649312735
2022-10-04,1862.3662334808548
2022-10-05,1858.2734822911668
2022-10-06,1920.723347153472
2022-10-07,1887.8834530300735
2022-10-08,1879.4731881805626
2022-10-09,1914.4521539250607
2022-10-10,1882.3558335239193
2022-10-11,1931.8170513785394
2022-10-12,1909.6986733652595
2022-10-13,1887.2397657207073
2022-10-14,1941.0164839724423
2022-10-15,1886.6427794199606
2022-10-16,1914.5001160368954
2022-10-17,1906.559499400816
2022-10-18,1927.5381529515312
2022-10-19,1933.6773981197794
2022-10-20,1904.0451951168075
2022-10-21,
2022-10-22,1914.562375938184
2022-10-23,1892.8083344533952
2022-10-24,1947.6438380989473
2022-10-25,1911.133896253484
2022-10-26,1902.137398881571
2022-10-27,1914.1915146894805
2022-10-28,1884.6227904480725
2022-10-29,1893.2136588011117
2022-10-30,
2022-10-31,1901.708474766284
2022-11-01,1895.0276920216122
2022-11-02,1927.8312415700598
2022-11-03,1941.9571354142759
2022-11-04,1933.7794390046
2022-11-05,1940.490961667434
2022-11-06,
2022-11-07,1894.5094308865662
2022-11-08,1954.178020338257
2022-11-09,1918.915172313454
2022-11-10,1921.581091477387
2022-11-11,1954.4020170705871
2022-11-12,1940.214351967569
2022-11-13,1939.470191964666
2022-11-14,1974.9260641613084
2022-11-15,1920.03995496324
2022-11-16,1952.761968400823
2022-11-17,1936.6506378353884
2022-11-18,1942.1976098410971
2022-11-19,1968.7205143284652
2022-11-20,1949.6430452932213
2022-11-21,1951.597046262511
2022-11-22,1963.6354805570293
2022-11-23,1936.249704643112
2022-11-24,1928.1370065517572
2022-11-25,1925.406268200314
2022-11-26,1908.365177658198
2022-11-27,1990.2147057075488
2022-11-28,1928.432834382624
2022-11-29,1947.486338940829
2022-11-30,1947.7973100972877
2022-12-01,1960.9114112427035
2022-12-02,1972.5150385463662
2022-12-03,1974.8538740302713
2022-12-04,1947.433833456669
2022-12-05,1957.2105669186678
2022-12-06,1967.6686312079173
2022-12-07,1958.5134218516469
2022-12-08,1997.1103165506854
2022-12-09,1976.2647787375465
2022-12-10,1982.6301879683422
2022-12-11,1982.6828502566561
2022-12-12,
2022-12-13,1976.0456028179717
2022-12-14,1947.995403780414
2022-12-15,
2022-12-16,1963.9312247656142
2022-12-17,1967.904986968817
2022-12-18,1991.7270951358523
2022-12-19,2006.29125835305
2022-12-20,1983.4798494672166
2022-12-21,1990.7626879744123
2022-12-22,2020.1644742978467
2022-12-23,1992.4716729293136
2022-12-24,2041.2287394906948
2022-12-25,2002.0455189991628
2022-12-26,1957.0618473457646
2022-12-27,2008.886985054577
2022-12-28,2002.9873898159449
2022-12-29,
2022-12-30,2011.918027710758
2022-12-31,1997.2308803203246
